n,n_na,min,max,mean,median,sd
235,0,2,29.7,11.092085106382978,10.5,4.901813321504584
