n,n_na,min,max,mean,median,sd
143,0,0.0527,113.352,15.979843902097903,5.9551,22.41119613705401
