n,n_na,min,max,mean,median,sd
183,0,1.8,19,7.611803278688525,7,2.9446372422695157
