n,n_na,min,max,mean,median,sd
274,0,0.9,86,10.784160583941606,8.1,8.284230806902377
