n,n_na,min,max,mean,median,sd
6583,0,0.515873476,579.601580726,10.430149391844296,4.692527129,24.05610411686223
