n,n_na,min,max,mean,median,sd
6843,0,0,725.579119586,8.586305566724828,5.711,15.277507656693535
