n,n_na,min,max,mean,median,sd
1873,1,0.556816977,214.672046687,8.192453409837073,5.2090953965,11.850256514969901
