n,n_na,min,max,mean,median,sd
147,0,8.7,28.5,17.879591836734694,17.5,4.623228113388529
