n,n_na,min,max,mean,median,sd
203,0,1,30,14.526995073891625,14.3,6.834873472213201
