n,n_na,min,max,mean,median,sd
117,0,6.4,27.6,13.22948717948718,13,3.728814835785708
