n,n_na,min,max,mean,median,sd
237,0,4.1,29,16.123502109704642,16,5.946560889461387
